"Y","A","LIMIT_BAL","SEX","EDUCATION","AGE","PAY_0","PAY_2","PAY_3","PAY_4","PAY_5","PAY_6","BILL_AMT1","BILL_AMT2","BILL_AMT3","BILL_AMT4","BILL_AMT5","BILL_AMT6","PAY_AMT1","PAY_AMT2","PAY_AMT3","PAY_AMT4","PAY_AMT5","PAY_AMT6"
1,0,170000,0,1,27,1,-2,-2,-2,-2,-2,0,0,0,0,0,0,0,0,0,0,0,0
0,0,140000,0,1,25,1,-2,-2,-1,-1,-1,-74,-770,-1466,522,142,-554,0,0,3000,0,0,0
1,1,270000,1,1,36,0,0,0,2,0,0,78630,68921,46512,40335,37165,22156,10076,4018,14,2051,2000,0
0,1,200000,0,1,45,-1,-1,-1,-2,-2,-2,2377,221,0,0,0,0,221,0,0,0,0,0
0,0,80000,0,1,23,0,0,0,0,0,0,24215,30798,30350,32469,32663,34909,10000,2000,2500,2000,3000,1000
0,1,60000,0,3,48,0,0,0,0,0,0,49890,51060,52236,54362,55458,56767,2000,2000,3000,2000,2200,2500
0,1,30000,0,3,44,-1,-1,2,0,0,0,1072,5122,4440,4050,3660,3660,4440,0,0,0,0,0
0,0,170000,1,1,27,0,0,0,0,0,0,127902,131631,133090,130937,134043,137023,5631,5090,4937,5043,5023,11939
0,0,30000,1,1,28,2,2,2,2,0,0,9799,10056,9815,7576,5746,3900,2350,2000,0,144,128,39
0,0,200000,0,2,34,0,0,0,-2,-2,-2,19252,10000,0,0,0,0,1000,0,0,0,0,0
0,0,50000,0,1,23,-1,-1,-2,-2,-2,-2,2332,0,0,0,0,0,0,0,0,0,0,0
1,1,350000,0,2,44,2,2,-2,-2,-2,-1,52949,-4577,-4577,-2699,-2699,297301,3682,0,1878,0,300000,0
1,0,100000,1,1,27,0,0,0,0,0,0,55734,52557,33415,28776,17580,6441,1631,1286,200,645,909,200
0,0,150000,1,1,36,2,2,2,-2,-2,-2,167094,86193,-25443,-46627,-46627,-46627,5068,9,0,0,0,0
0,0,80000,1,2,26,0,0,0,0,0,0,80233,79849,77796,30300,29922,29120,4000,2300,1300,1300,1500,1500
1,0,30000,0,2,22,0,0,0,0,0,0,30123,30299,27758,22720,19136,14452,1600,2000,2000,614,924,0
1,1,50000,0,3,23,0,0,0,0,0,0,33239,33199,33757,23332,23782,16816,6010,5008,3013,5035,5001,5002
0,0,400000,0,1,37,-1,0,-1,0,0,0,10677,31405,26717,25434,6973,9899,31008,26862,3000,2000,3000,0
1,1,180000,1,3,47,0,0,0,0,2,0,67011,69935,72031,77597,72079,66310,4000,4000,7501,0,3001,10000
1,1,200000,1,1,52,0,0,0,0,0,0,115702,113576,109812,104567,100541,96495,5517,5381,3838,3589,3397,3296
0,0,50000,1,1,29,0,0,0,0,0,0,16303,47714,48916,19894,20572,21230,32000,2000,1000,1000,1000,2000
0,0,200000,1,1,26,-2,-2,-1,0,0,0,0,1516,11533,9463,3884,3033,1516,11533,189,1000,2050,11300
0,0,80000,1,1,25,0,0,0,-1,0,0,20708,26286,18209,5471,6896,9506,6545,8807,5500,4000,3500,1000
0,0,240000,0,1,33,-2,-2,-2,-2,-2,-2,0,0,0,0,0,0,0,0,0,0,0,0
0,0,70000,0,2,24,0,0,-2,-1,-1,0,36175,0,0,680,69257,68557,0,0,680,71867,9812,2900
0,1,140000,0,2,24,-1,-1,-2,-2,-1,-1,2515,0,0,0,2243,5530,0,0,0,2243,5530,4441
0,0,10000,1,3,31,0,0,0,0,0,0,5062,5687,6132,5851,5735,6087,1259,1100,197,362,1000,1000
1,0,50000,1,2,36,0,0,0,-2,-2,-2,48612,50525,0,0,0,0,3000,0,0,0,0,0
0,1,500000,0,1,49,-2,-2,-2,-2,-2,-2,27936,2305,9073,5714,31868,3663,2305,9083,6105,31868,3663,8110
0,1,210000,1,1,30,-1,-1,-1,-1,0,0,4830,0,1000,15385,20302,25112,0,1000,15385,5302,5112,4213
1,0,50000,0,1,23,1,2,0,0,0,0,50638,49484,45095,9299,3054,0,0,2155,1000,1500,0,3294
0,1,180000,0,2,43,-2,-2,-2,-2,-2,-2,1091,2062,0,0,6017,0,2062,0,0,6017,0,0
0,0,290000,1,1,41,0,0,0,0,0,0,275367,255049,247090,242309,238609,238712,10580,9006,8507,10902,8600,8671
0,1,500000,0,1,46,-2,-2,-2,-2,-2,-2,3982,3700,12953,9019,4236,-31,3718,13023,9070,4257,0,0
1,0,100000,0,2,52,0,0,0,0,0,0,39555,40550,41587,42602,43327,47950,1955,1992,2007,1732,5506,0
0,1,120000,1,1,50,1,-2,-2,-1,0,-1,0,-2008,-4016,4016,2008,8299,0,0,10040,0,8299,0
0,0,50000,0,1,47,-1,-1,-1,-1,-1,-1,390,390,390,2728,0,780,390,390,2728,0,780,0
0,1,50000,1,3,45,0,0,0,0,0,0,45982,41372,18059,18020,18028,17744,1421,1500,629,672,626,2000
0,1,200000,0,2,27,0,0,-1,-1,-2,-2,37076,18382,18834,0,0,0,5000,18834,60000,0,0,0
0,0,380000,1,2,42,-2,-2,-2,-2,-2,-2,2588,38981,6267,19774,12297,2700,39529,6930,19873,12361,2713,5291
0,0,100000,0,2,24,2,0,0,2,2,-1,17938,20486,21644,9209,6495,78080,2842,3000,0,6000,80900,0
0,1,280000,1,1,60,-1,2,2,-2,-1,-1,495,109,-780,-1170,1473,558,4,390,0,3033,558,1320
0,1,20000,1,3,56,0,0,0,0,0,0,15552,16596,17609,17329,17850,18046,1300,1300,700,800,602,600
0,0,220000,0,1,31,0,0,0,0,0,0,124281,84575,93180,99097,106391,97337,10000,10000,8000,10000,10000,12097
0,0,130000,1,3,38,0,0,0,0,-1,0,6360,5375,5476,6931,99416,99702,1088,1189,2646,104590,3358,3314
0,1,50000,1,1,24,2,0,0,2,0,0,5524,6474,8896,7088,7109,6898,1500,2700,0,500,500,500
1,1,20000,0,3,56,1,2,0,0,2,2,11276,10803,11528,13524,13508,13149,0,1204,2200,500,0,700
0,0,190000,0,2,28,0,0,0,0,0,0,4639,4718,5610,7300,4694,2250,1100,1610,2310,2000,1000,300
0,0,50000,1,2,29,3,2,2,0,0,0,32750,33532,32597,19576,19034,19525,1600,7,900,700,800,800
0,1,320000,1,2,32,0,0,0,0,0,0,21460,23412,25331,25741,26800,28817,3000,3000,1500,2000,3000,2000
0,0,180000,1,1,26,0,0,-2,-2,-2,-2,8516,0,0,0,0,0,0,0,0,0,0,0
0,0,150000,0,2,39,0,0,0,0,0,0,16878,7632,33019,31366,31709,42632,5000,30000,3000,5000,15000,6000
1,0,50000,1,2,26,1,4,3,2,2,3,13294,12799,12311,11816,14014,13506,0,0,0,2394,0,0
1,1,50000,1,1,51,1,-2,-2,-2,-2,-2,0,0,0,0,0,0,0,0,0,0,0,0
0,1,500000,0,1,38,-1,-1,-1,-1,-1,-1,7789,9656,7477,8370,8890,6424,9666,7488,8370,8890,6424,21032
0,1,220000,0,3,40,0,0,0,0,0,0,220091,203554,207953,156699,157883,161208,7797,8201,7302,5437,5651,5683
0,0,20000,1,2,24,0,0,2,0,0,0,14558,17212,16635,16678,17268,17563,3200,0,600,1840,800,626
1,1,80000,0,3,30,2,0,0,2,2,2,71165,72123,76696,79659,80079,79657,2700,5800,4800,1800,1000,2800
0,1,370000,1,2,33,1,-2,-2,-1,2,2,0,0,0,361,211,3659,0,0,422,0,3448,0
0,0,120000,0,1,26,0,0,0,0,0,0,115520,98551,84797,66398,44428,31738,5001,5076,5000,3042,2110,600
0,0,20000,0,1,22,0,0,2,2,2,2,12476,14951,14426,16471,15909,17151,3000,0,2600,0,1500,0
0,0,140000,1,1,28,0,0,0,-1,-1,-1,23702,23917,24460,435,435,435,1457,1000,435,435,435,435
0,0,50000,1,2,25,0,0,0,0,0,0,47034,48442,49173,49290,48910,48910,2500,2200,1700,1000,0,0
1,0,100000,0,1,28,0,0,0,0,0,0,77007,80708,84401,85786,65345,67205,5000,5000,4200,3000,3000,3000
0,0,450000,0,1,31,-1,-1,-2,-2,-1,0,2609,0,0,0,17855,3430,0,0,0,17855,0,2500
0,0,160000,1,1,46,-2,-2,-2,-2,-2,-2,0,0,0,0,0,0,0,0,0,0,0,0
0,1,180000,0,1,28,-1,-1,2,0,0,0,390,1345,955,1565,2175,2159,1345,0,1000,1000,400,1000
0,1,170000,0,2,53,-2,-2,-2,-2,-2,-2,784,605,826,500,0,487,605,826,550,0,487,0
0,1,340000,0,2,47,0,0,0,0,0,0,196112,183453,167592,162628,142779,139548,6446,6207,5758,4853,4940,4600
0,0,50000,0,1,22,2,2,-2,-2,-2,-2,4536,0,0,0,0,0,0,0,0,0,0,0
1,0,210000,1,2,35,0,0,0,0,0,0,128595,131627,136428,54058,55398,56698,4606,6815,1800,2000,2000,2000
0,0,10000,1,2,23,0,0,-1,0,0,0,5583,8959,4408,9071,9038,5005,5000,7000,5000,5000,1000,10000
0,0,30000,0,2,27,0,0,2,2,2,2,21632,24267,24572,24872,25427,25860,3300,1000,1000,1100,1000,1100
0,0,70000,0,2,30,-1,0,0,0,0,0,69494,112821,70305,71017,66218,66854,2716,2570,2720,2350,2500,2660
1,1,110000,1,2,47,0,0,0,0,0,0,72897,72755,71698,72418,72293,73954,3290,3200,2700,2800,3000,2650
1,0,50000,0,1,25,0,0,2,0,0,0,40067,43099,42133,43127,44210,45844,4000,0,2000,1800,2500,5500
0,0,300000,0,1,27,-1,-1,-1,-1,0,0,4850,42189,83754,120927,105303,82475,42198,83754,120927,0,716,25213
0,0,360000,0,1,33,-2,-1,2,-1,0,0,0,883,887,26292,22279,550,883,4,26514,557,550,2500
0,1,300000,0,2,26,0,0,0,-1,0,0,29300,18988,6893,49379,49161,50646,1214,2000,49379,1500,2000,15000
1,0,80000,0,2,49,0,0,0,0,0,0,77347,61998,47941,47851,48804,50033,2384,5000,2000,1732,2000,3003
0,0,280000,0,1,39,0,0,0,0,0,0,97694,89690,86812,87813,88267,89676,4014,4300,4153,2900,2500,2600
1,1,210000,1,2,45,0,0,0,0,0,0,56024,57148,58338,59529,60720,61980,1836,1897,1936,1952,2013,9062
0,0,210000,0,1,27,0,0,0,0,0,0,135066,121769,97575,93763,95790,92855,5600,4000,3220,3400,3252,3400
0,0,50000,0,2,28,-2,-2,-1,0,0,0,13733,5570,2698,4640,6554,8434,2037,2698,2000,2000,2000,2000
1,1,30000,0,2,45,2,2,2,0,0,0,30330,30948,29480,28805,19733,16543,1400,0,928,602,768,1299
0,1,300000,0,1,51,0,0,0,0,-2,-2,143121,147527,148925,0,0,0,8269,6825,0,0,0,0
0,0,380000,1,1,42,-1,-1,-1,-1,-2,-1,4377,-3,3885,0,1140,505,0,3888,0,1140,505,0
0,0,30000,0,2,24,0,0,0,2,2,0,26755,27828,29103,29565,26319,27738,1507,2172,1523,0,2000,2000
0,1,90000,0,2,27,3,2,2,2,0,0,81701,85753,87510,85188,87112,169533,6000,4000,0,4200,3285,7787
0,1,300000,1,3,72,-1,-1,-1,-1,-1,2,4984,752,3737,1433,5522,3233,756,3753,1433,5522,0,27232
0,1,50000,0,3,43,-1,-1,-1,-2,-2,-2,150,809,-60,-210,-360,-510,809,0,0,0,0,0
0,0,80000,0,2,29,0,0,0,0,0,0,78626,78262,80000,82025,78521,78947,3400,3600,4000,3500,3000,4000
1,1,250000,0,2,38,2,0,0,0,0,0,236546,232795,189111,189558,185565,189003,8007,7000,8200,7000,7000,8000
1,1,440000,0,2,40,-1,-1,-1,-1,-1,-1,3278,2028,981,873,873,840,2035,982,874,874,841,7453
1,0,60000,0,2,29,0,0,0,0,0,2,60000,60594,57606,33159,36183,27572,3100,2000,3000,3800,0,2000
0,0,300000,0,2,37,1,-2,-2,-1,-1,-1,0,0,0,363,0,944,0,0,363,0,944,2000
0,1,350000,0,2,39,1,-2,-2,-2,-2,-2,0,0,0,0,590,0,0,0,0,590,0,0
0,0,470000,0,1,32,1,-2,-2,-1,-1,0,0,0,0,200,34325,37325,0,0,200,34325,3000,77412
0,1,200000,0,1,28,0,0,0,0,0,0,40559,44565,46815,52978,53970,56064,5000,3000,7000,2000,3000,3000
0,1,320000,0,1,30,-2,-2,-2,-2,-2,-2,1259,5152,4257,-3,-3,670,5177,4278,0,0,673,11288
0,1,90000,1,2,58,0,0,0,0,0,0,85818,88988,50780,50929,48735,49746,5100,2200,2200,1944,2200,2000
0,1,190000,1,3,38,0,0,0,0,0,0,94921,97397,99789,102131,104491,106755,4000,4000,4000,4000,4000,4000
0,0,80000,1,2,32,0,0,0,0,0,0,75149,76786,72626,29012,28653,28398,4003,3003,2003,1146,1403,1503
0,1,30000,0,2,33,2,2,0,0,0,0,29498,28718,29761,30203,29803,29803,1,2000,1400,0,0,67
0,0,70000,1,2,48,-1,-1,-1,-1,-1,-1,193,188,299,829,338,865,188,299,829,338,865,833
0,1,500000,1,1,42,0,0,0,0,0,0,580928,597793,597415,569034,551702,568638,25624,21898,20851,19599,26000,20000
0,1,120000,0,3,50,0,0,0,0,0,0,109372,111564,112482,115046,80987,85921,5500,4200,4552,3100,6416,0
0,1,150000,1,2,26,0,0,-1,0,0,0,69358,42457,92213,70406,70037,14461,4213,92457,5023,4311,7030,3054
0,1,50000,1,2,58,-1,-1,-1,2,2,-2,382,-286,954,1154,-572,-962,0,1908,764,0,0,0
0,1,90000,0,1,34,0,0,0,2,2,2,34302,35089,43449,42451,49718,48767,1640,9000,0,8000,0,2000
1,1,130000,1,1,43,0,0,0,0,0,0,121816,124223,62318,64214,44840,45969,6000,6000,3000,2000,2000,2000
0,0,130000,1,1,29,0,0,-1,-1,2,0,9700,0,72,10458,10149,11805,0,72,10458,0,2000,1230
0,0,50000,1,2,36,-1,0,0,0,0,0,3580,4597,5757,5869,5838,5971,1084,1244,356,212,230,205
0,0,60000,1,1,29,0,0,0,0,0,0,11976,13462,15231,16966,17878,19085,2000,2000,2000,1500,1500,1500
0,0,140000,0,2,26,0,0,0,0,2,0,141057,144306,141949,141345,136379,126211,7200,19000,10400,0,4931,9100
0,0,80000,1,1,35,0,0,-1,0,0,0,75734,93507,78716,53109,28973,24705,20000,79239,2516,1023,2000,1000
1,0,50000,0,3,22,0,0,-1,0,-1,-1,46811,40458,50622,42132,15311,19387,1036,50622,1149,15311,19387,385
0,0,240000,0,1,28,0,0,0,0,0,0,246310,250252,250169,249495,192368,196585,10500,9900,10907,7000,8000,7535
1,0,200000,0,3,40,0,0,0,2,0,0,44600,42954,44318,32010,33271,34297,3000,6032,0,3000,3000,3000
1,0,20000,1,2,31,2,2,2,2,0,0,13516,13996,14475,14936,15688,16435,1000,1000,1000,1000,1000,700
1,1,210000,0,2,56,1,-2,-2,-2,-2,-1,-325,-721,-1117,-1513,-1909,59017,0,0,0,0,61982,2200
0,0,200000,1,1,30,-2,-2,-2,-2,-2,-2,0,0,0,0,0,0,0,0,0,0,0,20271
0,1,400000,1,1,42,0,0,0,0,0,0,34084,36916,21089,22943,22994,25172,4085,1539,3013,3003,3003,5979
0,0,20000,1,2,30,2,2,2,2,0,0,13269,12391,12326,10621,10400,0,33,3317,0,1000,0,0
1,1,250000,1,2,53,0,0,2,0,0,0,177537,198017,192962,156134,161603,166631,25000,0,7000,8000,8000,5000
0,0,260000,0,1,30,-2,-2,-2,-2,-2,-2,893,2778,4052,977,977,452,2946,4052,977,977,452,2097
1,0,20000,1,2,47,0,0,0,0,0,0,15166,15014,16024,16345,17579,18750,1257,1267,588,1500,1500,0
0,1,50000,1,2,35,-1,-1,-1,-1,-1,0,780,0,390,390,28094,28263,0,390,390,28094,1011,965
1,0,210000,1,2,35,0,0,0,0,0,0,128595,131627,136428,54058,55398,56698,4606,6815,1800,2000,2000,2000
0,0,350000,1,2,34,-2,-2,-2,-2,-2,-2,2184,1445,2424,4582,5600,2927,1445,2424,4584,5610,2927,1298
0,0,50000,1,2,38,0,0,0,-2,-2,-2,26533,16426,0,0,0,0,1000,0,0,0,0,0
1,1,230000,0,3,39,1,2,-1,2,-1,0,6499,4791,4858,316,316,316,0,4858,0,632,0,2468
1,1,360000,0,2,38,-2,-1,-1,-1,-1,-1,0,212,3748,-2,666,919,212,3759,0,668,921,0
0,1,20000,0,3,49,0,0,0,0,0,0,12165,13171,14054,14900,15000,0,1517,1400,1200,300,0,0
0,0,120000,1,1,35,-1,-1,-1,-1,-1,2,326,326,176,-150,952,476,326,176,0,1428,0,476
0,1,150000,0,2,41,0,0,0,0,0,0,79021,77975,74749,80757,83685,81569,4023,3016,10000,4011,3073,3005
0,1,50000,0,2,24,0,0,0,0,0,0,49387,50284,50639,48563,49628,48293,2000,1727,1846,1777,1665,1500
0,1,110000,0,2,39,0,0,0,0,0,0,111533,110367,112974,108390,107180,107309,5500,5900,5500,5000,5000,4300
0,0,20000,1,2,31,-1,-1,-1,0,-1,-1,836,390,780,390,390,0,390,780,0,390,0,780
1,1,50000,1,3,51,0,0,0,0,0,0,47877,48519,46538,45465,18654,19042,2516,2106,2048,783,806,652
0,1,360000,0,2,25,-1,-1,-1,-1,-1,-1,442,442,442,442,434,442,444,444,444,436,452,886
0,1,80000,1,1,37,0,0,0,0,0,0,68553,69191,71918,71534,73344,75218,3000,3310,2200,2400,2500,2400
0,1,50000,1,2,35,0,0,0,0,0,0,47816,49694,48543,46366,9076,9812,3000,3000,3019,3000,1000,2000
1,1,140000,0,1,56,3,2,2,3,3,3,450,450,450,450,1450,1150,0,0,0,1000,0,0
0,0,60000,0,2,27,0,0,0,0,0,0,54900,55948,55188,55960,56564,57464,1971,2000,2003,2003,2070,2140
0,0,20000,1,2,45,-1,2,2,0,0,0,3213,4308,4093,4866,6781,7668,1300,0,1000,2000,1000,0
1,1,110000,0,3,36,0,0,-1,-1,-1,-2,2309,3238,250,3100,0,0,1002,450,3100,0,0,0
0,0,180000,0,3,44,1,-2,-2,-2,-2,-2,0,0,0,0,0,0,0,0,0,0,0,0
1,1,80000,1,1,46,2,2,2,2,2,2,40509,40551,42592,43296,43892,43060,1000,3000,1700,1600,0,3500
0,1,150000,1,1,59,-2,-2,-2,-2,-2,-2,5066,2616,3766,3289,8356,10916,2616,4097,3371,8923,13919,8227
0,0,80000,0,2,27,-1,-1,-1,-1,-1,-2,390,390,0,780,0,0,390,390,780,0,0,0
1,0,500000,1,3,39,0,-1,-1,-1,-1,-1,32647,1832,1920,21734,1837,96,1832,1920,21734,1837,0,19637
1,1,500000,0,3,53,-2,-2,-2,-2,-2,-2,0,0,0,0,0,1150,0,0,0,0,1150,0
0,0,30000,0,2,23,2,0,0,2,2,2,16089,17127,19108,18503,20100,19629,1300,2272,0,1900,0,1000
0,0,50000,1,2,48,2,2,2,2,2,2,44489,45470,46424,45377,48441,47511,2000,2000,0,3800,0,1800
1,1,430000,1,3,47,1,-1,-1,-1,-1,-1,-18,6390,8833,9906,14239,9562,6408,8840,9954,14285,9584,26023
1,1,20000,1,1,42,3,2,2,3,3,3,1050,1050,1050,1050,1050,1050,0,0,0,0,0,0
0,1,170000,0,3,26,2,2,2,0,0,0,63977,63630,51986,90196,50464,48282,2550,0,3500,3000,2001,3000
0,0,280000,1,1,41,-2,-2,-2,-2,-1,0,28026,41302,51500,35752,3955,13969,41346,52110,35752,3955,13939,4437
0,1,220000,0,1,36,0,0,0,0,0,0,210475,216513,196219,200117,204312,208373,9639,7123,7162,7419,7462,8621
0,1,210000,0,2,35,0,0,0,0,0,0,37148,35754,34232,32331,30337,28012,2000,2000,2444,1342,1038,2000
0,0,240000,0,1,35,-1,-1,-1,-1,-1,-1,380,380,380,380,0,380,380,380,380,0,380,760
0,0,50000,0,1,29,0,0,0,0,0,0,44498,41897,17304,16544,14787,15975,4000,4000,2000,3000,3000,3000
0,0,400000,0,1,28,-1,-1,2,0,0,0,6500,405016,391178,392932,394410,410127,405016,0,14000,13560,28000,0
0,1,80000,0,2,36,0,0,0,0,0,0,77998,77452,74773,76908,77068,78434,3700,3500,4000,3200,4000,2700
0,0,90000,0,1,32,-1,-1,-1,-1,-1,-1,1560,23153,835,5225,736,736,23153,17395,5225,736,736,886
0,0,60000,0,1,26,0,0,0,0,0,0,36604,35777,29836,30818,31314,30852,1765,1812,1794,1290,1268,1273
1,0,50000,1,1,37,0,0,2,0,0,0,45553,49457,47080,45833,45310,6313,6324,0,1200,1000,126,1000
0,0,200000,0,2,31,0,0,0,0,0,0,192698,196484,177001,100908,98873,95548,8135,7163,3783,3766,3500,4000
0,0,160000,1,1,30,-1,-1,-1,-1,-1,-1,99,2977,15086,8578,13028,21712,2977,15086,9123,13028,29712,50000
0,0,450000,1,1,31,1,2,2,2,-2,-2,153246,151659,10199,0,0,0,4009,2000,0,0,0,0
0,1,130000,0,3,55,0,0,0,0,0,0,116336,121544,128243,115204,101158,95895,10063,20000,10009,10000,5000,5000
0,0,230000,0,2,27,0,0,0,0,0,0,24739,19712,18175,12109,11616,10134,2000,1928,1014,1000,203,34096
1,1,30000,0,3,29,2,2,2,2,2,0,15070,17509,17923,18134,17704,18256,3000,1000,800,0,1000,700
1,0,50000,0,2,25,0,0,0,0,0,0,16221,18965,19602,22156,22732,11378,3000,1500,4600,1000,600,258
0,1,50000,0,3,49,2,0,0,0,-2,-2,48297,50487,51400,0,0,0,3000,2400,0,0,0,0
0,0,230000,1,1,29,2,0,0,0,0,0,306836,295324,303082,307038,116506,19085,9062,10978,10361,2507,490,308
0,0,200000,0,1,32,-1,-1,-1,-1,0,-1,4640,17950,13056,2500,500,500,18116,13113,2522,0,500,500
0,0,70000,0,2,26,0,0,0,0,0,0,35867,28496,28401,22587,24361,25424,3000,3005,3000,3000,1500,1008
0,0,30000,1,2,42,0,0,2,0,0,0,18583,20940,20306,20965,21625,22055,2975,0,1000,1000,790,816
1,1,150000,1,2,44,0,0,-2,-2,-1,-1,143650,0,0,0,1000,0,0,0,0,1000,0,5000
0,0,50000,1,2,25,0,0,0,-1,-1,-2,11391,8081,16297,1000,0,0,1286,10048,1003,0,0,0
1,0,100000,1,1,27,2,0,0,2,2,2,34694,36014,39321,39145,39494,39896,1900,4200,900,1400,900,6440
0,1,30000,0,3,48,0,0,0,0,0,2,14834,15844,18883,17901,19241,18794,1261,3300,1301,1641,0,860
1,0,30000,1,2,27,0,0,0,2,0,0,25081,26358,29319,28510,29813,30179,2000,3700,0,2000,910,917
0,0,30000,1,1,33,-1,3,2,-1,0,0,31724,30923,29928,29498,27025,0,0,0,31200,541,0,0
0,1,260000,0,2,40,0,0,0,0,0,0,241565,244619,127074,14,124493,128463,13000,6500,0,124479,6000,6500
0,1,320000,1,2,39,0,0,-1,-1,0,0,310243,0,189018,131916,258800,96900,0,189018,132846,130400,193800,45313
1,1,460000,0,1,41,0,-1,-1,-2,-2,-1,6302,31293,0,0,0,18165,31321,0,0,0,18165,2008
0,0,150000,0,1,29,2,2,-2,-2,-2,-2,6241,0,0,0,0,0,0,0,0,0,0,0
0,0,80000,0,3,33,-1,2,-1,-1,-1,-1,780,390,814,390,390,390,0,814,390,390,390,1578
1,1,50000,1,2,53,0,0,0,0,0,0,47824,48954,46716,18685,19076,19466,1948,1835,669,692,707,695
0,1,30000,0,2,49,1,2,-1,-1,-1,2,10440,9972,16073,6342,8073,1731,0,16101,6342,1731,0,5517
0,1,200000,0,2,35,0,0,0,0,0,0,136264,138994,142744,146363,149920,153107,5000,6000,6000,6000,6000,6000
0,0,120000,1,1,33,1,-2,-2,-1,-1,-2,0,0,0,600,0,0,0,0,600,0,0,0
0,0,320000,0,1,29,-1,-1,-1,-1,-1,0,179226,-200,200,0,10000,210000,0,400,0,10000,200000,0
0,1,400000,0,1,35,-2,-2,-2,-2,-2,-2,4238,4329,6888,3519,77,927,5000,7013,3600,1500,1000,1000
0,1,50000,0,2,34,0,0,0,0,0,0,5745,4266,3047,3606,2390,1655,1023,1051,1000,50,10050,734
0,1,180000,0,2,39,0,0,0,0,0,0,166915,117351,115402,105844,98396,101390,6000,7030,8000,5396,5390,5006
0,1,80000,1,3,33,-1,-1,-1,-1,-1,-1,390,390,390,1936,390,390,390,390,1936,390,390,390
0,0,70000,0,2,24,0,0,0,0,0,0,67897,62826,62595,40327,48673,46158,3000,2916,2004,15006,3000,2200
0,0,20000,1,3,45,1,2,2,2,2,2,15748,16497,16928,17354,16934,18347,1300,1000,1000,0,1700,600
0,0,110000,1,1,36,0,0,0,0,0,0,104498,107819,109836,44356,45932,47473,5000,4823,2000,2000,2000,2000
0,1,450000,0,1,49,1,-1,-1,-1,-1,0,0,557,0,2481,13716,19584,557,0,2481,13716,7100,812
0,1,220000,1,2,43,0,0,0,0,0,0,84466,84356,84151,83591,83789,83885,4000,4000,3500,3500,3500,3500
1,1,210000,0,1,27,-1,-1,-1,-1,-1,-2,4426,0,1349,10368,0,0,0,1349,10368,0,0,0
0,0,140000,0,2,38,0,0,0,0,0,0,135034,133283,132765,123208,97154,97687,4729,5434,4751,3500,3500,3800
0,0,180000,1,2,33,-2,-2,-2,-2,-2,-2,3187,3198,264,7352,1385,7880,3198,264,7373,1385,7880,0
0,1,500000,0,2,54,0,0,0,0,0,0,455977,397418,392278,375931,364134,354019,13455,13691,12692,11883,11922,10032
0,0,100000,0,2,35,0,0,0,0,0,0,5830,6694,7855,8076,8297,9349,1118,1279,500,500,1349,1691
0,1,260000,0,3,40,-2,-2,-2,-2,-2,-2,-6,-6,1302,2752,1114,2212,0,1308,2765,1119,2218,625
0,0,240000,0,2,37,-2,-2,-2,-2,-2,-2,500,0,0,0,0,0,0,0,0,0,0,0
0,1,30000,0,1,22,1,2,2,0,0,0,25229,25533,24441,24441,11255,0,1000,0,0,0,0,0
0,0,150000,1,1,28,0,0,0,0,0,0,88506,58699,60252,62245,64202,66167,2200,2500,3000,3000,3000,3000
0,0,20000,1,2,21,0,0,0,0,0,0,22291,15999,12874,8350,7500,8500,1700,1174,4000,150,1000,0
0,0,500000,1,1,29,-1,-1,-1,-1,0,-1,20641,25986,23721,20799,34132,56917,26111,24112,20886,28032,57196,49720
0,1,180000,0,2,46,-2,-2,-2,-2,-2,-2,0,12103,2250,899,0,1375,12103,2250,899,0,1375,0
0,0,160000,0,1,40,-1,-1,-1,-1,-1,-1,661,2881,362,20680,7429,527,2881,362,20680,7429,527,0
1,1,260000,1,1,53,-1,3,2,0,0,-1,1361,1188,792,792,396,2289,0,0,396,0,2289,164047
1,1,30000,0,3,47,2,2,2,0,0,2,11652,12461,11970,12981,14077,14367,1300,0,1214,1310,660,0
0,1,120000,0,2,49,0,0,0,0,-2,-2,3903,2246,3040,0,0,0,1300,1000,0,0,0,0
0,1,490000,1,1,28,0,0,0,0,0,0,325669,206515,144853,132268,118899,79223,10041,7415,7025,44324,3119,2780
1,0,50000,1,2,40,0,0,0,0,0,0,30211,48389,52230,18887,17693,18074,21190,5144,591,577,609,505
0,1,320000,0,3,51,-1,-1,-1,-1,-1,0,8391,2855,1021,953,868,872,2869,1026,957,868,4,954
0,1,50000,1,2,48,0,0,0,-1,0,-1,48187,48344,46895,49161,6690,5665,46895,1775,51209,428,5665,8745
1,1,190000,1,1,39,1,-2,-2,-2,-2,-2,-2,-2,-472,-472,-472,-472,0,0,0,0,0,0
0,1,300000,0,3,39,1,-2,-1,-1,-1,-1,-3928,-5973,4735,6186,116,14429,1720,344467,6822,49,15000,12000
0,0,200000,0,1,26,0,0,0,0,0,0,134780,138349,141821,145144,148268,151604,6000,6000,6000,6000,6000,6200
0,1,20000,1,3,52,-1,-1,-1,-1,-1,-1,2912,390,780,780,780,390,390,780,780,780,390,780
0,0,20000,0,1,22,0,0,2,-1,0,0,14028,16484,15800,16341,16675,0,3000,0,16741,334,0,0
0,0,320000,0,1,35,-1,2,-1,-1,-1,-1,6793,3659,232702,3529,14212,1166,5,232702,3529,14212,1200,8200
0,1,150000,0,1,30,-2,-2,-2,-2,-1,-1,52806,12871,4876,9128,10460,5157,13497,4372,18853,10975,5157,15182
0,1,30000,1,2,47,-1,-1,0,0,0,0,778,5898,8610,8402,10878,10790,5900,3000,299,3000,608,274
1,1,170000,1,2,34,-1,-1,-1,-1,-1,-1,7950,6691,7332,2716,4200,7708,6691,7332,2716,4200,7708,12897
1,0,50000,0,2,33,0,0,0,0,0,0,44052,32030,31041,26197,25739,27659,2000,1451,3000,862,5000,10000
0,1,140000,0,2,47,-2,-2,-2,-2,-2,-2,0,0,0,0,0,0,0,0,0,0,0,0
1,1,380000,0,1,34,2,2,2,2,2,2,315912,322199,331518,337703,343612,351089,13000,16001,13150,13000,13150,13300
1,0,160000,1,2,31,0,0,0,0,0,0,75636,77220,79129,80710,82749,84871,3400,3800,3500,3500,3500,3600
0,1,50000,0,2,44,0,0,0,0,-1,0,27200,10605,10355,9853,2917,1473,1172,1202,1000,2917,29,390
0,0,30000,1,2,23,0,0,0,0,0,0,30620,30432,30263,29418,30275,0,2000,2500,1200,1000,0,0
0,0,50000,1,2,40,0,0,0,0,0,0,44310,45244,47922,46307,45983,50635,3003,5007,2008,3004,7019,12
0,1,150000,0,3,47,0,0,0,0,0,0,132093,129831,126485,124547,117364,117368,5000,5000,5000,5000,5000,5000
0,0,40000,1,5,37,0,0,0,0,-1,0,36712,37403,18688,-620,32760,12500,1596,1006,0,17000,2000,780
0,1,20000,1,3,37,0,-1,-1,-1,-1,-1,1439,1251,390,390,370,-20,1251,400,390,370,0,800
0,0,50000,1,2,31,-1,-1,-1,0,0,-1,2522,0,18171,17051,390,16526,0,18171,341,0,16526,324
0,0,50000,1,2,39,0,0,0,0,0,0,48493,49073,50370,29862,29275,29535,2109,2406,1278,1036,1115,947
0,1,20000,0,3,51,0,0,0,-1,0,0,18768,19684,11580,780,780,0,1714,1000,780,0,0,0
0,0,50000,1,2,31,-1,-1,-1,0,0,-1,2522,0,18171,17051,390,16526,0,18171,341,0,16526,324
0,1,310000,0,1,35,0,0,0,0,0,0,192454,196708,189210,181491,176661,173532,9088,7044,9072,11210,6116,5362
0,1,90000,0,1,28,1,2,0,0,0,2,52061,50472,46226,40920,29863,19674,79,5000,10009,10000,0,7000
1,1,60000,0,1,49,0,0,0,0,0,0,61618,61382,34958,33760,32946,0,2800,1400,675,659,0,3353
0,0,180000,1,1,29,0,0,0,0,0,0,85069,85434,116352,55698,37315,16696,5344,3013,3034,4069,3018,3069
0,1,30000,1,1,37,1,2,2,0,0,2,20829,22689,22043,23367,24983,25437,2500,0,2000,2000,1000,0
0,0,330000,1,1,54,-2,-2,-2,-2,-2,-2,3027,2379,1803,909,3854,1509,2386,1894,911,3865,1513,0
1,1,500000,0,1,43,-2,-2,-2,-2,-2,-2,270,9390,0,14153,5254,11676,9483,0,14153,5274,11676,2276
1,0,270000,0,2,26,0,0,0,0,0,0,29951,12211,13533,14391,15255,16273,1300,1533,1391,1255,1273,1000
1,1,200000,1,4,49,0,0,0,0,0,0,49221,49599,50942,50146,50235,48984,1689,2164,2500,3480,2500,3000
0,1,30000,1,1,36,-1,-1,-1,-2,-2,-2,1772,9619,-6,-6,-6,-6,9647,0,0,0,0,2011
0,0,290000,0,1,30,-1,-1,-1,-1,-2,-2,1459,1029,2154,1492,229,943,1078,2154,1518,229,943,189
0,0,340000,1,2,35,1,-2,-2,-2,-2,-2,-6,-6,-6,-6,-6,-6,0,0,0,0,0,0
1,0,90000,0,2,24,1,2,0,0,2,0,13137,10724,9621,17701,15496,9341,0,1000,10000,0,1000,3105
0,0,10000,1,2,38,1,-2,-2,-1,0,0,-58,-58,-58,7242,8123,8993,0,0,7300,1000,1000,330
0,1,140000,0,2,42,-1,-1,-1,0,-1,-1,176,395,1204,700,748,-784,395,1204,0,748,0,2688
1,0,30000,0,2,22,1,2,2,-1,2,2,22623,3019,-341,1129,1470,339,10,0,1470,341,0,12324
1,0,50000,0,2,22,1,2,0,0,0,0,44980,41140,31888,28639,26737,24784,7,1580,1621,1020,2473,1079
0,0,220000,1,1,32,0,0,0,0,0,0,203689,204943,172926,104747,180458,182435,10000,8000,6000,107000,13000,8000
1,1,50000,1,2,41,0,0,0,0,0,0,19015,19294,20259,20274,20311,19957,1340,1305,700,718,724,684
0,0,240000,1,1,35,1,-2,-2,-2,-1,0,0,0,0,0,27670,28252,0,0,0,27670,920,920
0,1,50000,1,3,54,0,0,0,0,0,0,38607,39681,40717,41682,42857,45581,2000,2000,1642,2000,3600,0
0,0,20000,1,2,23,0,0,0,0,0,0,18963,19904,18038,19032,17372,17893,1300,1400,1300,700,800,1000
1,1,260000,1,1,39,0,0,0,0,0,0,248880,248758,245404,169632,165098,151157,10611,9708,5929,5622,5465,5474
0,1,150000,0,4,36,-2,-2,-2,-2,-2,-2,7160,5253,0,0,0,0,5279,0,0,0,0,0
0,1,380000,1,1,46,0,0,0,0,0,-1,141102,84229,28749,14258,7594,190628,5034,2071,29,72,190710,30052
0,0,360000,1,1,27,-1,2,-1,-1,-1,-1,1809,400,2420,2540,0,346,0,2420,2540,0,346,604
0,0,180000,0,1,33,-1,-1,-1,-1,-1,-1,4520,1449,1730,2215,1525,1050,1453,1731,2215,1525,1050,1440
0,1,20000,1,2,27,-1,-1,-2,-2,-2,-2,1200,0,0,0,0,0,0,0,0,0,0,0
0,0,40000,1,2,36,0,0,2,2,2,0,34871,37999,37089,39464,38698,40051,3700,0,3000,0,2000,800
0,0,390000,1,1,29,0,-1,0,0,0,0,9918,15918,103169,95669,88080,80576,16008,100000,5000,4000,4000,3000
0,0,70000,1,3,35,0,0,2,2,2,2,27915,31009,31914,32394,31574,34053,3577,1700,1300,0,3000,1385
1,1,160000,0,3,33,-1,2,-1,-1,-2,-2,2364,1095,2190,0,0,0,0,2190,0,0,0,0
0,0,150000,0,1,29,0,0,0,0,0,0,146465,147331,146999,146277,147946,145846,7000,6740,6850,5664,5660,5480
1,1,300000,0,2,33,2,2,0,0,0,0,279065,273067,278910,283920,253113,246560,0,10638,10569,8809,8883,9960
1,0,320000,1,1,33,1,-2,-2,-2,-2,-2,0,0,0,0,0,0,0,0,0,0,0,0
0,0,110000,0,2,40,0,0,0,0,0,0,107035,110156,8871,66482,59578,57961,4000,2500,58000,2000,3000,3500
0,0,200000,0,1,23,-2,-2,-2,-2,-2,-2,488,878,488,488,0,1915,878,488,488,0,1915,100
0,1,500000,0,2,32,0,0,0,0,0,0,44462,37890,28527,27030,27454,30486,7000,7000,8000,10000,12000,2876
0,1,90000,1,1,27,0,0,0,0,0,0,21506,18304,15783,16815,17236,17807,1600,2000,1600,1000,1000,1000
0,1,120000,1,2,26,0,0,0,0,0,0,47733,49609,47753,48950,50149,51159,3000,2000,2000,2000,2000,2000
0,0,120000,0,1,27,0,0,0,2,0,0,11379,9559,10861,10055,11040,10466,1200,1500,0,1100,550,600
0,1,150000,0,1,40,1,-1,-1,0,-1,-1,-15,17671,14517,1870,3495,0,17686,14517,0,3495,0,21754
1,1,150000,0,1,29,-1,-1,-1,0,0,0,2565,3648,5586,5586,3672,1160,3648,5586,0,426,4040,2320
1,1,50000,0,1,52,0,0,0,-2,-1,-1,3257,4166,0,0,318,0,1000,0,0,318,0,0
0,0,20000,0,2,25,1,-2,-2,-2,-2,-2,0,0,0,0,0,0,0,0,0,0,0,0
1,1,180000,0,2,34,0,0,0,0,0,0,143301,146333,147042,127814,130331,132845,7000,5000,5000,4900,5000,5100
0,1,230000,0,2,54,-1,-1,2,2,-2,-2,187,3327,3100,0,0,0,3327,0,0,0,0,0
1,1,50000,0,2,29,2,2,2,0,0,0,8281,8998,9695,11521,12331,13125,1000,1000,2000,1000,1000,1000
0,1,180000,0,2,44,-1,-1,-1,-1,2,-1,3481,757,9877,4383,3482,4479,761,9962,3485,2,4479,5392
0,1,180000,0,2,36,-2,-1,-1,-1,-2,-2,0,1290,2985,0,0,0,1290,2985,0,0,0,0
0,1,150000,1,3,58,-2,-2,-2,-2,-1,2,0,0,0,0,7043,1504,0,0,0,7043,0,3063
1,1,180000,0,3,27,-1,-1,-1,-1,-1,-1,3898,0,715,4079,0,213,0,715,6942,0,213,0
0,1,50000,0,2,48,0,-1,-1,0,0,0,20944,4696,47225,16483,9343,9693,2360,49325,3001,1882,500,503
0,0,200000,1,1,28,-1,-1,-1,0,-1,-1,13383,1183,14714,11938,303,3262,1183,14714,0,303,3262,3635
0,1,360000,1,2,30,-2,-1,2,2,-2,-2,0,1000,1000,0,0,0,1000,0,0,0,0,0
0,0,130000,0,2,29,2,0,0,0,0,0,120844,123333,126347,129249,132093,129155,4500,5000,5000,5000,4700,5000
0,1,140000,1,2,52,1,2,0,0,2,0,31511,30705,31809,34374,33522,34481,0,1600,3100,0,1500,1500
1,1,10000,0,2,55,1,2,0,0,0,0,9193,7653,8337,8356,8527,4694,0,1201,1000,171,94,80
0,1,120000,0,2,30,0,0,0,0,0,0,116887,117419,116281,117392,117791,112505,4615,7175,4529,4625,4029,4237
0,0,230000,0,1,31,2,0,0,0,0,0,125270,129588,115066,87021,82460,64818,6531,5091,3307,3316,2316,2500
0,0,200000,0,2,29,0,0,2,0,0,0,69412,69878,64222,50518,44892,76088,4012,2008,3008,9056,36100,22500
1,1,350000,1,1,60,1,-1,-1,-1,-2,-1,0,1150,4576,0,0,1206,1150,4576,0,0,1206,0
0,1,200000,1,1,30,0,0,0,0,0,0,46288,48205,49352,49682,50588,42629,3000,2300,2000,2000,1500,1189
0,0,360000,1,2,33,-1,-1,-1,-1,0,0,15299,44439,22637,101497,68960,28399,44730,22751,101691,2233,6138,16113
0,0,100000,0,1,24,0,0,0,-1,-1,-1,27753,28306,14320,180,2500,12411,1632,1000,180,2500,10000,0
0,0,210000,0,2,26,0,0,0,0,0,0,193345,160508,156422,146954,137937,134581,8000,6005,5200,5500,5000,5500
1,1,50000,0,2,22,0,0,0,0,0,0,18471,19483,19431,19307,19361,19738,1329,1307,683,857,856,834
0,0,90000,0,2,23,2,3,3,2,2,2,82623,86621,84369,82117,84395,85739,5900,0,0,3600,2900,3500
0,0,110000,1,3,26,0,0,0,0,0,0,10183,11971,8164,10895,13503,16227,2000,2000,3000,3000,3000,2000
0,0,190000,0,2,28,0,0,0,0,0,2,188370,188550,187521,190448,195492,190598,8700,8500,9270,14100,0,7200
1,1,500000,0,1,38,0,0,0,0,0,0,56197,55246,62402,42594,43652,38254,5000,10004,8000,3000,5000,8000
1,1,180000,0,2,49,-2,-1,-1,-2,-2,-1,106,3166,106,59,-47,347,3166,106,59,47,570,106
0,0,360000,1,1,36,0,0,0,0,0,-1,256324,246283,211725,49064,19272,18609,12009,9530,2116,9291,18718,19333
1,1,140000,1,1,31,0,0,2,0,0,2,27123,27299,17985,20225,27407,10833,25000,0,3000,7800,0,2500
0,1,340000,0,2,48,0,0,0,0,0,0,310866,320685,320614,21768,22405,24545,15000,7000,1500,1000,2500,112500
0,1,20000,1,3,35,-2,-2,-2,-2,-1,-1,0,0,0,0,13007,13912,0,0,0,13007,1122,0
0,0,100000,1,2,28,0,0,0,0,0,0,32480,33237,34300,35623,35515,36413,1600,1600,1901,1275,1470,1400
1,0,50000,0,1,27,1,2,2,0,-1,2,2238,3057,1879,889,2399,1225,2000,0,0,2500,0,1300
0,0,290000,0,2,41,-1,-1,-2,-1,0,-1,2025,0,0,9194,9194,399,0,0,9194,0,399,9290
1,1,120000,0,3,65,0,0,0,0,0,0,58436,60202,61042,61253,57695,2530,2740,2407,1421,0,0,840
1,1,80000,0,1,52,1,-2,-2,-2,-2,-2,0,0,0,0,0,0,0,0,0,0,0,0
1,1,300000,0,4,54,1,-2,-2,-2,-2,-2,0,0,1702,0,0,0,0,1702,0,0,0,0
0,0,190000,0,2,29,1,-2,-1,0,0,0,0,0,306,306,306,0,0,306,0,0,0,0
1,1,200000,0,1,28,1,2,0,0,0,0,205683,196807,191752,178560,170092,161850,0,9025,8030,5639,6054,5100
0,1,240000,1,2,51,0,0,0,0,0,0,98588,100545,102651,104749,106832,109062,3592,3719,3798,3821,3949,3976
1,0,50000,0,3,31,0,0,0,0,0,0,10184,12204,13239,15254,16394,18124,2204,1239,2254,1394,2000,1019
0,1,400000,0,2,50,-1,-1,2,-1,-1,-1,15986,4359,1783,129,3170,657,4359,0,129,3170,657,1160
1,1,150000,1,3,45,0,0,0,0,0,0,99247,101194,81194,70590,72040,73423,4268,2725,2505,3000,3000,3000
1,1,60000,0,2,43,0,0,0,0,0,0,60788,61005,60164,31211,30374,30432,2500,3001,3003,2000,2001,2000
1,0,10000,1,2,23,0,0,0,0,0,-2,2068,6000,6457,6177,0,0,4400,1000,500,0,0,0
0,0,340000,1,1,41,-1,-1,-1,-1,-1,-1,624,2431,595,1193,25235,5868,2431,595,1193,25235,5868,2387
0,0,440000,0,2,27,-1,0,0,0,0,0,25154,27028,29098,21447,13547,16008,10011,5052,3163,5010,5000,5000
0,0,80000,0,1,29,0,0,0,0,0,0,33947,37339,36601,40589,42675,44567,4000,2500,5000,3000,2500,10000
0,0,130000,0,3,45,-1,-1,-1,2,-1,-1,780,0,780,390,540,11040,0,780,0,540,11040,953
0,0,10000,0,2,22,1,2,2,2,0,0,8925,8637,10277,9736,9704,9725,0,1800,0,500,600,500
0,0,50000,1,3,26,-2,-2,-2,-2,-2,-2,0,0,0,0,0,0,0,0,0,0,0,0
1,1,20000,1,2,37,0,0,0,0,0,0,11551,9181,7266,11282,3303,2350,1102,2100,1000,132,47,0
0,0,200000,1,1,33,0,0,0,0,2,0,197272,196700,194403,197746,190198,192015,8600,7700,11100,0,5600,5640
0,0,210000,0,2,34,0,0,2,0,0,0,201223,214479,193598,178416,143879,125004,17580,0,7193,3500,4881,3679
0,0,60000,0,2,26,2,2,2,2,2,2,60455,61417,60906,45734,40629,41137,3200,2400,12,3200,1619,0
0,1,500000,0,1,29,0,0,0,0,0,0,33107,34773,35426,28479,15729,7905,7000,6664,1500,501,5000,3000
0,0,50000,1,2,39,0,0,0,0,0,0,48493,49073,50370,29862,29275,29535,2109,2406,1278,1036,1115,947
1,0,50000,0,2,45,0,0,2,2,2,2,46248,50893,48854,50901,50015,48179,5750,0,3800,1890,0,1850
0,0,50000,0,2,27,0,0,0,0,0,0,33944,29194,27862,21229,20178,19275,1513,2000,2000,1000,1000,1000
1,1,30000,1,3,41,1,2,2,0,0,0,17301,18015,17437,18448,18815,19210,1295,0,1306,673,698,1547
0,0,80000,1,2,32,0,0,0,0,0,-1,81115,77649,40630,23697,6557,32763,5000,1200,0,5000,37000,3000
1,0,30000,1,2,24,2,-1,-1,-2,-2,-2,390,780,0,0,0,0,780,0,0,0,0,0
1,1,80000,0,3,30,2,0,0,2,2,2,71165,72123,76696,79659,80079,79657,2700,5800,4800,1800,1000,2800
0,1,80000,0,3,28,-1,-1,-1,-2,-2,-2,4280,2800,0,0,0,0,2800,0,0,0,0,0
1,1,230000,0,4,26,1,-1,2,-1,-1,-1,0,500,500,624,1090,2952,500,0,624,1090,2952,1505
1,0,50000,1,2,30,0,0,0,0,0,0,50995,50882,32777,32081,29598,29648,2500,1500,1226,1059,2000,1138
0,0,350000,1,1,39,-1,-1,2,0,-1,0,325,2770,2247,1930,80392,78638,2770,0,8,80408,3142,2720
0,0,150000,0,1,36,0,0,0,0,0,2,127204,247984,125502,129589,133145,139322,5900,5000,6163,7200,10500,4900
0,1,80000,0,2,37,0,0,0,-1,0,-1,10559,11991,14286,1554,6554,2615,1621,5000,1554,5000,2615,5308
0,1,400000,0,3,40,-1,-1,0,-1,-1,-2,27035,28119,31166,35238,1408,4869,28204,33716,37400,1408,4869,5539
0,1,200000,0,4,34,-1,-1,-2,-2,-2,-1,6093,4297,15765,3997,4931,429,4310,15818,4009,4945,429,0
0,1,300000,1,3,56,0,0,0,0,0,-1,110350,102556,103834,99368,101600,560,4052,6122,1987,2232,560,0
0,1,180000,1,2,47,0,0,0,0,0,0,84973,89989,94895,98738,127382,155470,6000,6000,5000,30000,30000,20000
0,1,180000,0,1,26,-2,-2,-2,-2,-2,-2,4312,2117,5944,2102,10214,0,2117,5944,2102,10214,0,0
1,1,120000,0,1,27,0,0,0,0,0,0,35238,35907,31513,31659,30069,8005,1777,2254,1400,800,400,6262
0,0,200000,1,1,39,-2,-2,-2,-2,-2,-2,-200,-200,-200,0,60800,0,0,0,200,60800,0,0
1,1,50000,1,3,24,0,0,2,0,0,0,29341,27139,13295,14126,12185,8419,1806,1000,1112,366,503,500
0,0,140000,0,2,28,0,0,0,0,0,0,62204,65280,56504,53528,42168,25742,7028,6000,5026,5000,3000,2000
0,0,150000,0,2,25,-1,-1,-2,-1,-1,-1,6156,0,0,316,316,316,0,0,316,316,316,316
0,0,360000,1,2,51,-1,-1,-1,-1,0,0,14093,10575,7675,18602,20461,33404,10575,7685,18610,8000,21004,0
0,1,310000,1,1,36,-2,-2,-2,-2,-2,-1,17611,24122,26242,21026,18121,7842,10000,4000,0,0,7842,24003
1,1,110000,0,3,31,0,0,0,0,0,0,89989,84229,79288,73315,63818,63208,4000,5000,3000,3000,3000,8954
0,1,230000,0,2,28,-2,-2,-2,-2,-2,-2,0,0,0,0,0,0,0,0,0,0,0,0
0,0,170000,0,1,28,0,0,0,0,-1,-1,20302,14653,7234,9908,3205,60,3000,1000,5000,3205,60,0
0,1,120000,0,1,45,0,0,0,0,0,2,90041,86140,87941,89737,95451,97379,3079,3185,3251,7200,3600,3900
0,0,160000,0,1,28,0,0,0,0,0,0,164262,158903,150548,152170,155476,165902,7900,7000,5600,5900,13200,0
1,1,360000,1,1,37,0,0,0,0,0,0,68438,71287,73406,74397,75467,79841,4000,3009,3509,3500,5000,5019
0,1,390000,0,1,53,0,0,0,0,0,0,30400,34756,29530,27620,32364,34041,5000,5000,5000,5000,5000,1161
1,0,270000,0,2,33,-1,-1,0,0,0,0,1481,3952,25237,44395,44741,45209,3952,22438,20000,1587,2000,4000
1,1,50000,1,3,23,0,0,0,0,0,0,9168,10178,11200,12214,12608,12718,1166,1188,1202,596,461,462
1,1,30000,0,3,44,0,0,0,0,0,0,29263,27516,28133,28780,28756,29566,1441,1597,1634,1000,1124,1223
1,0,50000,0,1,38,2,2,2,0,0,0,21534,22283,21638,22651,23275,24902,1400,0,1376,1000,2000,0
0,1,500000,0,2,38,-1,-1,0,0,0,0,250,1384,6324,7353,5536,8321,1384,5000,1224,3003,3506,3552
0,0,50000,0,2,28,0,0,0,0,0,0,50998,51103,50262,20304,20319,20330,2209,1726,710,724,733,712
0,0,240000,0,1,29,0,0,0,0,0,0,23094,18951,18977,12055,7878,5531,2009,2000,300,1000,2000,2000
0,1,200000,1,1,45,0,0,0,0,0,0,14027,16016,16905,11791,7983,6327,5006,3024,2017,173,1002,3197
0,0,150000,0,1,36,-2,-2,-2,-2,-2,-2,16228,29414,4975,3960,2914,1068,30745,4975,5017,2914,1250,4734
0,1,240000,0,2,28,2,2,2,2,2,0,191137,210333,206332,214981,194817,186895,24000,0,12014,0,5307,5001
0,0,50000,0,2,23,0,0,0,0,0,0,48227,48273,42670,49263,18296,34822,2000,2520,20000,1000,1000,1000
0,0,270000,0,2,26,0,0,0,0,0,0,84188,82668,74901,72785,71836,55234,5000,3200,3000,5000,5234,3000
1,1,20000,1,2,47,-1,2,-1,0,-1,-1,8424,4310,16990,3820,4350,3180,0,16990,0,4350,3180,780
0,1,260000,0,1,37,-1,-1,-1,2,-1,-1,1050,1050,2287,1050,1050,1050,1050,2287,0,1050,1050,2174
0,0,80000,1,1,27,-1,-1,-1,-1,-2,-1,6544,4924,1990,0,0,4350,4924,1990,0,0,4350,0
1,1,110000,0,2,25,1,2,2,0,0,0,104871,107422,101930,102111,101521,100240,8000,0,4000,4000,3600,3500
0,0,40000,0,2,24,0,0,0,2,2,0,33370,34413,37644,38026,36519,36724,1600,3800,1300,0,1400,1400
0,0,200000,0,1,25,0,0,0,0,0,-2,183516,179534,134572,61450,-200,-200,6700,7000,3000,0,0,0
0,0,100000,1,1,26,0,0,0,0,0,0,18999,23699,9390,5781,8065,17277,5129,1227,1000,5914,10000,0
0,0,260000,0,2,33,0,0,0,0,0,0,151123,134736,135593,120909,102524,40157,4002,6067,10000,3000,40157,1466
0,0,210000,1,2,39,0,0,0,0,0,0,33459,35911,40288,42605,43870,13750,3000,5000,3000,2000,1000,12000
0,1,180000,0,1,41,1,-2,-2,-1,-1,-2,1520,-10,-10,3844,0,0,10,0,3854,0,0,0
1,1,160000,1,3,31,0,0,0,0,0,0,50901,53859,55814,59726,61615,65939,4000,3000,5000,3000,5000,2000
0,1,210000,0,3,39,0,0,0,0,0,0,106028,107312,65968,67307,46511,47583,6000,5000,2697,2000,2012,1172
1,1,120000,0,2,50,0,0,2,0,0,0,38261,58084,33018,19172,14938,21290,23000,0,10076,10000,10000,10000
0,0,60000,1,2,29,1,-2,-2,-2,-2,-2,0,0,0,0,0,0,0,0,0,0,0,251
1,1,20000,0,2,46,3,2,2,2,3,5,11698,13189,14663,16109,19525,18646,2000,2000,2000,4000,0,1000
0,1,350000,0,2,35,-2,-2,-1,-1,-2,-2,83379,26305,26858,40098,10855,-2,26436,26921,40098,10855,2,0
0,1,210000,0,2,40,0,0,0,0,0,0,41826,42820,44156,44864,45768,48204,1520,1856,1564,1468,3000,2000
0,0,150000,1,1,32,-2,-2,-2,-2,-2,-2,833,1601,9253,33062,2328,4121,1606,9297,33243,2336,4140,10859
1,1,150000,1,3,38,0,0,0,0,0,0,40441,38497,39552,40393,41243,42157,2000,2000,1500,1500,1600,1600
0,1,300000,1,3,53,-2,-2,-2,-2,-2,-2,-3,-3,-3,580,992,1205,0,0,583,992,1205,96
0,0,120000,0,3,47,-1,0,0,-2,-2,-2,1576,3009,0,0,430,1520,1500,0,0,430,1520,730
1,0,240000,1,2,27,0,0,0,0,0,0,81861,81446,82907,84832,87123,85363,15000,4000,4000,4000,3000,3000
0,0,150000,0,2,30,-1,0,0,0,0,0,146432,149044,148839,147746,116537,36404,5301,6112,6023,4626,1035,1046
0,0,120000,0,1,31,-2,-2,-2,-2,-2,-2,-66,-33,-33,-33,-33,-33,0,0,0,0,0,0
0,0,380000,1,1,55,0,0,0,0,0,0,126880,130324,152869,137442,82800,42083,7000,25390,10000,20000,1659,1600
1,0,130000,0,1,30,3,2,2,0,0,0,8830,9533,10220,10353,10636,10711,1000,1000,600,600,400,600
1,0,130000,0,1,26,-1,-1,-1,-1,-1,-1,3597,4398,3738,1396,13069,1285,4398,3746,1396,13069,1285,1034
0,0,100000,0,1,32,0,-1,0,0,0,0,41531,6120,104346,91025,91120,1777,6157,100000,2017,1822,1777,7748
1,1,30000,1,2,39,2,3,2,2,2,3,27000,26286,26556,26818,29425,28662,0,1000,1000,3200,0,0
0,0,80000,0,2,24,0,0,0,0,0,-1,13118,11622,12011,3210,1651,2256,1500,1511,1000,1000,2256,924
0,0,10000,0,2,23,-2,-2,-2,-2,-2,-2,1082,2731,757,876,3551,0,2731,757,876,3551,0,13460
1,0,150000,0,2,30,0,0,0,0,0,0,106911,105889,96548,87085,52323,51260,4000,4500,5000,2000,1700,2300
0,0,70000,0,2,23,-2,-2,-1,0,-1,0,0,3999,44446,21436,19987,19939,3999,44446,41,19995,6000,10305
0,1,90000,0,3,40,1,2,2,2,2,2,40467,41495,42520,42997,41698,43976,2000,2000,1800,0,3434,1708
0,1,250000,0,2,39,-1,-1,-1,-1,-1,-1,8040,8099,45964,6496,11108,3321,8099,46224,6496,11108,3321,7154
0,0,290000,0,1,27,-2,-2,-2,-2,-2,-2,-4,-4,853,0,71,-73,0,857,0,71,0,14688
0,0,160000,0,1,27,0,0,0,0,0,0,124573,122730,125319,125283,124170,125140,5800,5900,5900,4300,4600,4400
0,0,50000,0,1,29,0,0,0,0,0,0,38242,28797,16068,16387,16882,17350,1799,2000,582,754,893,943
1,1,290000,0,2,55,1,-2,-1,-1,-1,2,0,166,2462,-150,1134,777,166,2462,150,1833,0,500
0,0,280000,1,2,30,0,0,0,0,0,0,29161,14908,237367,233819,198890,189064,1282,233836,6935,5931,19157,5905
0,0,20000,0,2,22,2,2,0,0,0,3,6900,6643,7872,9077,10989,10529,0,1500,1500,2225,0,0
1,0,80000,0,2,28,0,0,0,2,2,2,44739,46708,49611,50496,51543,50563,3000,4000,2000,2000,0,5000
0,1,340000,0,1,27,0,0,0,-1,-1,-1,30452,36919,24268,3210,3240,11095,6919,4322,3210,3240,11095,3345
1,1,230000,0,2,46,-1,-1,-1,-1,-1,-1,4328,1518,1958,368,1613,1371,1518,1972,368,1613,1371,752
0,0,370000,1,6,28,0,-1,-1,-1,-1,-1,64268,2868,3788,9424,2468,2468,2868,100332,9456,2468,2468,2468
0,0,140000,0,1,35,0,0,0,0,0,0,92924,88331,83421,79088,73360,67700,4691,4251,4500,3000,2500,2300
0,0,190000,1,1,36,-1,-1,-1,-1,-1,-1,1779,1288,1655,1213,344,221,1288,1655,1213,344,221,28160
0,0,50000,1,1,25,0,0,2,2,2,2,44663,48045,47306,49296,47220,49584,4100,400,3000,2,4005,6
0,1,230000,0,2,34,-2,-1,-1,-1,-1,-1,3256,1401,1624,4180,2665,3915,1401,1635,4180,2667,3915,2091
0,0,50000,1,1,24,0,0,0,0,0,0,47734,47025,48102,48612,49465,50299,1763,1840,1751,1717,1773,1845
0,0,220000,1,2,40,-1,-1,-1,-1,-1,-1,2300,1000,11289,4887,3083,9401,1000,11289,4887,3083,10020,6473
0,0,100000,0,1,25,-1,-1,-1,-1,0,0,12660,5000,0,6272,10135,11958,5000,0,6272,4000,2000,0
1,0,190000,0,1,28,2,2,2,2,2,2,159438,163684,166163,168592,171923,169165,8150,6500,6500,6000,0,6200
0,0,170000,1,2,24,0,0,0,0,0,0,108717,69632,56537,113576,138419,101452,8092,20121,100071,50122,6468,278311
0,0,270000,0,1,40,-1,-1,-1,-1,-1,-1,19769,34813,43852,29677,33341,28413,34813,43856,29682,33341,28413,1351
1,1,30000,0,2,46,1,-1,0,0,0,0,8891,24501,24886,25014,29356,25515,28001,1245,763,5000,1164,9114
1,1,140000,1,2,55,0,0,0,0,0,0,78314,81049,82810,83544,85692,87425,4000,4000,3000,3500,3158,8000
1,1,50000,1,3,52,0,0,0,0,0,0,47479,49344,19596,19194,19201,19199,29456,1300,675,694,704,798
0,0,330000,0,2,28,0,0,0,0,0,0,37637,38676,40786,41767,42501,43359,1500,2600,1500,1400,1400,1500
0,1,60000,1,2,52,0,0,0,0,0,0,56893,58170,56539,29425,28013,29075,3000,2000,1000,1000,1500,2450
0,1,230000,1,3,41,0,0,0,0,0,0,9552,11376,13185,14648,15419,15423,2000,2000,2000,1000,562,2000
1,1,360000,1,3,46,-2,-2,-2,-2,-2,-2,0,0,0,0,0,0,0,0,0,0,0,9451
0,0,260000,0,2,30,0,0,0,0,0,0,66433,67134,67768,69033,70166,71377,2400,2496,2429,2599,2827,2050
0,0,200000,0,3,45,-1,-1,-1,-1,-1,-1,4430,7182,3855,3411,6788,9921,7193,3855,3411,6788,9921,5016
0,1,160000,1,3,52,0,0,0,0,0,0,155684,157364,156581,72814,66825,63419,6525,6649,2724,2503,2310,2200
1,1,50000,0,2,34,2,2,2,0,0,0,46843,49378,48052,48573,28902,28205,4310,0,2033,1119,985,2000
0,1,320000,0,2,46,-2,-2,-2,-1,-1,-1,15176,24845,12680,5522,44743,18931,24969,12743,5542,44956,19011,8138
1,1,20000,1,2,41,0,0,0,0,0,0,9632,10676,13702,14713,15068,15425,1208,3234,1245,600,600,600
0,0,170000,1,2,39,0,0,0,0,0,0,142509,143339,125864,112300,110371,113685,5000,20000,6000,5000,5000,3000
0,1,30000,0,2,42,0,0,0,0,0,0,47912,25023,25768,26410,27960,46254,1755,1500,1000,1909,1000,2000
0,0,60000,0,2,23,0,0,0,0,0,0,28406,28781,29219,29036,29493,29776,1790,1760,1200,1500,1367,1000
1,0,30000,0,2,27,0,0,2,2,2,0,17845,20615,19962,18191,12134,6879,3384,0,1450,0,500,2417
0,0,200000,1,2,29,2,2,4,4,4,4,2500,2500,2500,2500,2500,2500,0,0,0,0,0,0
0,1,170000,0,2,40,0,0,0,0,0,0,134496,143242,124103,115638,116430,118950,17400,5921,5700,4200,4400,4611
0,0,80000,1,2,24,2,0,0,2,0,0,44507,46486,51876,48962,48614,49792,3000,6107,0,1675,1895,2117
0,0,60000,1,1,29,0,0,0,0,0,-1,31462,31499,16773,11568,9727,3832,6037,5084,6000,4000,3832,3065
1,1,380000,1,1,37,0,0,0,0,0,0,173252,113001,74275,47723,67463,36751,10069,12712,10000,20000,16751,29000
0,1,80000,1,2,25,0,0,0,0,-2,-2,77901,79605,79207,0,0,0,3600,2407,0,0,0,0
0,0,80000,1,2,26,1,2,0,0,0,-1,27897,24833,23331,21964,19664,2544,0,1527,1500,540,2544,2789
0,0,290000,0,2,48,1,2,0,0,0,0,292907,285272,288543,209443,132211,133946,0,14000,9000,5000,5000,5000
0,1,30000,0,3,46,0,0,0,0,0,2,9847,10857,11877,12891,13960,14082,1181,1201,1215,1284,490,0
0,1,120000,0,2,40,1,-2,-2,-2,-2,-2,-200,-200,-200,-200,0,8360,0,0,0,200,8360,0
0,1,150000,1,1,27,0,0,0,0,0,0,149340,152460,141196,105802,106478,107096,10000,6040,5750,3000,5000,35000
0,0,40000,0,2,24,2,0,0,2,2,2,25618,26701,30421,29633,31548,30889,1800,4500,0,2400,0,3000
0,0,20000,1,2,28,2,2,0,0,0,0,17429,16849,17187,8585,8760,12000,0,1202,1000,175,3240,0
0,0,30000,0,2,23,0,0,0,2,0,0,27186,27585,30398,29305,29408,28699,1451,3564,0,1174,1207,4302
0,0,60000,1,2,26,0,0,0,0,0,0,40171,37274,30203,30809,33323,33190,1491,2000,1092,3000,1353,2000
0,0,350000,0,2,28,1,2,0,0,0,0,358895,346575,345088,341811,265953,93300,0,14579,13557,12000,5000,11000
0,0,110000,0,2,28,0,0,0,0,0,2,66831,62435,59977,59411,55112,45025,3021,2800,2710,5227,0,1900
1,1,30000,0,2,56,0,0,0,2,0,0,10232,11564,14099,13580,13657,16356,1510,3042,0,600,2942,600
1,1,40000,1,1,28,-1,-1,2,-1,-1,-1,10371,11895,11228,2475,5341,6255,2567,0,2475,5341,1500,0
0,0,290000,0,2,26,0,0,0,-1,-1,0,20807,99860,100000,3015,23473,1448,80000,3000,3015,23473,1148,4900
0,0,300000,0,1,26,-1,-1,-1,-1,-1,-1,3853,1946,790,3569,657,0,1946,790,3569,657,0,3412
0,1,390000,1,2,42,-1,-1,-1,-1,-1,-1,1565,1733,2472,2626,989,4647,1733,2492,2637,992,4667,277
0,0,230000,1,1,37,-1,-1,-1,-1,-1,-1,3102,30428,5711,5770,7652,17825,30580,5739,5799,7690,17914,360
1,1,80000,1,3,48,0,0,0,0,0,0,80002,80433,80081,29437,29195,28675,3500,3500,1205,1200,1100,1018
0,0,30000,0,3,57,-1,-1,-1,-1,-1,-1,347,1353,78,135,68,193,1353,78,135,68,423,140
0,0,70000,1,2,36,2,2,2,2,2,2,30809,30015,32928,32100,34557,35357,0,3400,0,3000,1500,1500
0,1,750000,0,3,40,-2,-2,-1,-1,-1,-1,16372,15344,3329,38488,9777,66692,15420,3691,38679,9825,67024,76641
0,1,80000,0,2,44,0,0,0,0,0,0,76992,73036,17576,5616,25439,25833,2000,1000,4554,21000,1000,1000
0,1,490000,1,1,45,-1,-1,-1,-1,-1,-1,9763,7059,5606,3136,3353,12336,7059,6000,3136,3353,12336,1493
0,0,20000,1,2,34,0,0,0,2,0,0,17676,17650,18740,18373,18768,19315,2000,2500,1000,1000,1000,2000
1,1,50000,0,2,51,2,0,0,2,2,2,10728,11751,13247,12737,13732,13362,1504,2000,0,1200,0,494
0,0,490000,0,2,33,0,0,0,0,0,0,58308,64927,60011,49409,39945,49932,10000,8160,7000,2000,37000,3000
0,0,280000,1,1,34,1,-2,-2,-2,-2,-2,0,0,0,0,0,0,0,0,0,0,0,0
0,0,80000,0,1,25,-1,-1,-1,-2,-1,-1,177,1200,0,0,7240,0,1200,0,0,7240,0,0
0,0,10000,0,5,21,0,0,0,0,0,-2,7691,8107,8036,8099,0,0,1192,1000,162,0,0,0
